word,frequency
nora,693
helmer,333
mr,254
lind,225
krogstad,159
rank,148
torvald,120
go,117
must,108
come,107
think,101
know,100
littl,95
one,95
thing,93
look,87
dont,82
tell,80
well,80
would,79
door,77
take,68
shall,63
see,62
say,60
like,59
never,58
child,56
husband,55
want,54
mean,53
put,50
room,50
doctor,48
christin,48
someth,48
get,47
realli,46
let,46
dear,46
man,46
money,45
oh,45
quit,45
anyth,45
goe,44
good,43
make,43
could,42
understand,40
cant,39
time,38
life,37
way,35
noth,35
letter,34
thought,34
u,34
hand,34
love,33
much,33
right,33
give,33
hall,32
open,31
back,31
sit,30
cours,30
maid,30
father,30
may,29
even,29
use,28
home,28
suppos,28
play,27
happen,27
nurs,27
believ,27
away,27
dress,25
help,25
stand,25
sure,24
two,24
ask,24
long,24
talk,24
shut,23
matter,23
everyth,23
soon,23
first,23
need,23
wife,23
danc,22
work,22
wont,22
year,21
inde,21
save,21
seem,21
live,21
tri,21
thank,21
el,20
mother,20
christma,20
bank,20
mind,20
tabl,20
still,20
that,20
happi,19
care,19
heard,19
poor,19
kind,19
speak,19
turn,19
mustnt,18
call,18
longer,18
plea,18
left,18
day,18
didnt,18
feel,18
isnt,18
paper,18
busi,18
true,18
alway,18
great,18
hous,18
imposs,18
hear,17
wonder,17
sort,17
moment,17
done,17
tomorrow,17
peopl,17
ought,17
anoth,17
couldnt,17
listen,17
keep,17
ah,17
gone,16
smile,16
whole,16
perhap,16
today,16
woman,15
papa,15
find,15
sake,15
last,15
told,15
arm,15
got,15
came,14
voic,14
everi,14
three,14
lie,14
tree,14
bring,14
anyon,14
mani,14
idea,14
end,14
world,13
abl,13
bit,13
might,13
without,13
round,13
new,13
upon,13
tremend,13
certain,13
ill,13
necessari,13
stove,13
nice,13
darl,13
absolut,13
lot,13
short,13
wait,12
leav,12
afraid,12
friend,12
posit,12
possibl,12
alon,12
sweet,12
besid,12
promis,12
reason,12
better,12
head,12
read,12
often,11
free,11
togeth,11
big,11
manag,11
someon,11
said,11
late,11
made,11
pay,11
nil,11
old,11
die,11
horribl,11
wish,11
small,11
taken,11
walk,11
doll,11
almost,10
tonight,10
sofa,10
rememb,10
laugh,10
doorway,10
sinc,10
natur,10
differ,10
hide,10
cannot,10
run,10
begin,10
stop,10
havent,10
place,10
piec,10
name,10
whisper,10
assur,10
town,10
certainli,10
duti,9
goodby,9
hope,9
box,9
knew,9
oblig,9
cloak,9
courag,9
gave,9
hat,9
hard,9
throw,9
mine,9
chang,9
bond,9
beauti,9
yesterday,9
step,9
hour,9
least,9
fun,9
maam,9
skylark,9
part,9
law,8
hush,8
dread,8
bad,8
cold,8
excus,8
goodnight,8
light,8
case,8
either,8
ever,8
shawl,8
becom,8
forgotten,8
eye,8
borrow,8
best,8
frighten,8
tear,8
secret,8
face,8
act,8
death,8
expect,8
delight,8
pocket,8
influenc,8
post,8
tarantella,8
toward,8
letterbox,8
side,8
order,8
prevent,8
altogeth,8
beg,8
imagin,7
easi,7
hold,7
fellow,7
ann,7
hundr,7
chair,7
enough,7
far,7
paus,7
nonsens,7
sen,7
found,7
learn,7
alreadi,7
rise,7
exactli,7
concern,7
bell,7
afterward,7
notic,7
yet,7
suffer,7
enter,7
condit,7
wit,7
ugli,7
moral,7
splendid,7
near,7
show,7
macaroon,7
went,7
lawyer,7
coat,7
allow,7
morn,7
silli,6
empti,6
sew,6
pound,6
helen,6
everyday,6
quick,6
piano,6
eight,6
ebook,6
forgiven,6
danger,6
ring,6
date,6
stay,6
night,6
half,6
pretti,6
chanc,6
person,6
appear,6
strang,6
fine,6
stranger,6
exit,6
black,6
straight,6
remain,6
seen,6
outer,6
squirrel,6
dare,6
start,6
depend,6
ball,6
champagn,6
mere,6
known,6
forward,6
singl,6
perfectli,6
behind,6
marri,6
fact,6
owe,6
send,6
signatur,6
sign,6
card,6
anxiou,6
account,6
tire,6
spent,5
admir,5
nearer,5
hm,5
proud,5
stage,5
write,5
pas,5
saw,5
question,5
doesnt,5
charm,5
shame,5
window,5
shouldnt,5
helpless,5
clap,5
carri,5
hum,5
ivar,5
hadnt,5
favour,5
heart,5
full,5
appoint,5
wasnt,5
punish,5
guilti,5
word,5
whether,5
young,5
porter,5
horrid,5
watch,5
religion,5
quickli,5
sleep,5
clear,5
present,5
minut,5
felt,5
burn,5
opinion,5
cost,5
practis,5
knowledg,5
affair,5
forgiv,5
hair,5
along,5
journey,5
lock,5
fancydress,5
easili,5
anxieti,5
dismiss,5
downstair,5
pleasur,5
slightest,5
content,5
trust,5
heap,5
lamp,5
narrowmind,5
hang,5
fifti,5
worst,5
joy,4
quietli,4
brought,4
dark,4
spite,4
stair,4
rather,4
spend,4
soul,4
mouth,4
bought,4
import,4
seriou,4
arent,4
glad,4
rockingchair,4
book,4
troubl,4
fire,4
costum,4
clever,4
toss,4
cross,4
fright,4
pain,4
dinner,4
marriag,4
incred,4
simpli,4
earli,4
amus,4
harm,4
tambourin,4
gentleman,4
enjoy,4
arrang,4
brother,4
month,4
sound,4
front,4
blood,4
discrep,4
form,4
laughter,4
futur,4
parcel,4
lay,4
outsid,4
whatev,4
shoulder,4
drop,4
paid,4
next,4
wors,4
taught,4
charact,4
follow,4
bob,4
wear,4
wrong,4
break,4
shout,4
noit,4
foolish,4
spring,4
fanci,4
conceal,4
power,4
understood,4
key,4
earn,4
tast,4
cri,4
bear,4
wrote,4
heartless,4
fals,4
angri,4
forc,4
disturb,4
later,4
shipwreck,4
respons,4
amount,4
creatur,4
thoughtless,4
upstair,4
arriv,4
sometim,4
dearest,4
sadli,4
gentli,4
week,4
mad,4
imprud,4
certainti,3
merri,3
suspect,3
effect,3
domino,3
procur,3
attract,3
doubli,3
fortun,3
nearli,3
older,3
self,3
cosi,3
meant,3
ago,3
widow,3
presum,3
rid,3
advis,3
shock,3
silenc,3
kiss,3
warm,3
fur,3
hot,3
exist,3
intim,3
undertak,3
especi,3
luck,3
dearli,3
alarm,3
extrem,3
ruin,3
neednt,3
girl,3
travel,3
sir,3
ladi,3
there,3
game,3
result,3
surpris,3
forgot,3
knock,3
subordin,3
awar,3
bold,3
packet,3
societi,3
view,3
past,3
doubt,3
expo,3
necess,3
tone,3
midnight,3
spirit,3
high,3
diseas,3
patient,3
overwork,3
offic,3
joke,3
bite,3
respect,3
grow,3
took,3
fight,3
finger,3
strike,3
disagre,3
five,3
line,3
hasnt,3
complet,3
stock,3
mention,3
introduc,3
fond,3
lucki,3
itali,3
jump,3
among,3
explan,3
glanc,3
event,3
gladli,3
correct,3
hardli,3
deal,3
wall,3
inner,3
bag,3
capri,3
greatest,3
offer,3
reput,3
lost,3
realis,3
although,3
commit,3
wouldnt,3
explain,3
silent,3
rais,3
mayb,3
daughter,3
rest,3
aliv,3
tiresom,3
written,3
anymor,3
relief,3
note,3
parti,3
accord,3
forget,3
wast,3
spendthrift,3
middl,3
studi,3
lead,3
boy,3
rich,3
given,3
caus,3
credit,3
wreckag,3
cling,3
struggl,3
obstin,3
lean,3
hit,3
poison,3
debt,3
serious,3
terribl,3
trick,3
driven,3
housekeep,3
singingbird,3
lent,3
eve,3
settl,3
familiar,3
fit,3
across,3
ear,3
pooh,3
horror,3
within,3
salari,3
thousand,3
aha,3
lower,3
other,3
readi,3
opposit,3
heaven,3
recov,3
trip,3
pull,3
low,3
fear,3
set,3
consid,3
sacr,3
gutenberg,3
project,3
locat,2
term,2
win,2
sum,2
larg,2
except,2
copi,2
clergyman,2
desert,2
forbid,2
task,2
educ,2
dollchild,2
noraand,2
conscienc,2
shelter,2
swear,2
norano,2
hint,2
indulg,2
abroad,2
your,2
consent,2
air,2
lotteri,2
trifl,2
sink,2
destroy,2
crimin,2
awaken,2
steadili,2
answer,2
miser,2
difficulti,2
subject,2
threaten,2
match,2
cigar,2
invis,2
investig,2
scientif,2
unlock,2
bride,2
secretli,2
direct,2
forehead,2
youyou,2
sleepi,2
excel,2
bitter,2
occupi,2
easier,2
knit,2
perform,2
success,2
selfwil,2
worth,2
ibsen,2
henrik,2
author,2
yesi,2
real,2
prompt,2
endur,2
speech,2
benefit,2
asid,2
difficult,2
meet,2
worri,2
around,2
twentyfour,2
seven,2
banquet,2
serv,2
coach,2
slower,2
nervou,2
hurriedli,2
hopeless,2
what,2
desper,2
sat,2
unspeak,2
school,2
cloth,2
hoar,2
footstep,2
iii,2
ii,2
satisfi,2
purpos,2
stood,2
expedi,2
ventur,2
fought,2
shant,2
kitchen,2
romp,2
norawho,2
possess,2
instruct,2
fallen,2
penni,2
steal,2
deliber,2
hesit,2
fill,2
scarc,2
thoroughli,2
foot,2
unreason,2
action,2
tie,2
anxious,2
search,2
bow,2
chief,2
strain,2
refus,2
provid,2
knee,2
bone,2
reveng,2
oyster,2
comfort,2
truffl,2
sin,2
bar,2
saddest,2
sick,2
born,2
healthi,2
strong,2
greatli,2
clerk,2
righthand,2
armchair,2
nod,2
dove,2
floor,2
quilldriv,2
insult,2
sakefor,2
contrari,2
gener,2
entertain,2
south,2
prospect,2
embroideri,2
intern,2
slight,2
slowli,2
variou,2
unhappi,2
friendship,2
peac,2
continu,2
sent,2
recal,2
scare,2
newspap,2
winter,2
earnestli,2
lucr,2
also,2
agoni,2
wretch,2
fairi,2
fall,2
plainli,2
prettili,2
dressmak,2
tactless,2
unfortun,2
thisyou,2
jealou,2
famili,2
spoil,2
forbidden,2
needlework,2
anyhow,2
smother,2
number,2
shill,2
purs,2
spine,2
pleasant,2
needl,2
meantim,2
neck,2
confirm,2
accustom,2
catch,2
perfect,2
bookkeep,2
im,2
will,2
waythat,2
pen,2
tini,2
wee,2
mend,2
earnest,2
rubbish,2
corner,2
sceneth,2
mamma,2
compani,2
suddenli,2
selfish,2
sad,2
stroke,2
sorrow,2
kill,2
fell,2
everyon,2
road,2
brave,2
kept,2
freedom,2
hypocrit,2
fault,2
forg,2
wing,2
move,2
staff,2
stenborg,2
red,2
fresh,2
bless,2
street,2
experi,2
dolli,2
ten,2
christmastim,2
snug,2
chirp,2
clean,2
songbird,2
shake,2
manner,2
anyway,2
hereth,2
flower,2
babi,2
alter,2
gentl,2
candl,2
degre,2
gate,2
buri,2
second,2
lose,2
spare,2
judg,2
risk,2
evid,2
occur,2
confess,2
rush,2
intent,2
recognis,2
tidi,2
seek,2
nasti,2
daresay,2
dog,2
sensibl,2
suggest,2
wrap,2
buy,2
remark,2
octob,2
nd,2
yesy,2
preciou,2
dull,2
meto,2
stifl,2
none,2
pretend,2
expens,2
waist,2
deni,2
odd,2
septemb,2
th,2
regularli,2
six,2
miss,2
wag,2
inherit,2
pretenc,2
ornament,2
safe,2
plead,2
beat,2
secur,2
bargain,2
attent,2
remind,2
clumsi,2
visit,2
son,2
cut,2
close,2
court,2
prepar,2
wine,2
howev,2
reveal,2
point,2
sacrific,2
accept,2
restrict,2
state,2
unit,2
flash,1
anywher,1
honour,1
heedless,1
neither,1
bind,1
overand,1
youwhen,1
onlin,1
includ,1
licens,1
reus,1
poohthos,1
incap,1
superior,1
prize,1
fund,1
accountno,1
refer,1
privileg,1
sister,1
partto,1
perhapsif,1
usther,1
indiscret,1
everybodi,1
reasonwel,1
weigh,1
invit,1
lit,1
control,1
slightingli,1
unassail,1
student,1
construct,1
rub,1
ignor,1
overnora,1
pack,1
housebett,1
scene,1
blackguard,1
thenand,1
impetu,1
pride,1
sob,1
infam,1
hmsuppos,1
compel,1
mud,1
kick,1
meand,1
nibbl,1
confection,1
ive,1
honestli,1
drew,1
propos,1
behalf,1
whowho,1
beforehand,1
incom,1
offend,1
avoid,1
necessarili,1
krogstady,1
bushi,1
restaur,1
amiss,1
therefor,1
detail,1
memori,1
happili,1
trueall,1
diedon,1
handthat,1
butto,1
fairli,1
insert,1
blank,1
sureti,1
constitut,1
rule,1
tooth,1
uneasi,1
sayrath,1
ratherwhat,1
qualiti,1
handwrit,1
consist,1
ascertain,1
olsen,1
canalthough,1
cat,1
tea,1
dullest,1
ajar,1
meanwhil,1
crawl,1
lift,1
unnecessari,1
isthat,1
melt,1
wheedl,1
fraud,1
dangerit,1
overa,1
main,1
timid,1
deject,1
usher,1
maama,1
caller,1
nuisanc,1
plan,1
spendthriftsi,1
gilt,1
defiantli,1
genuin,1
haphazard,1
nonot,1
afford,1
mightyou,1
button,1
anythingunless,1
particularli,1
extravag,1
thati,1
thisif,1
togetherdo,1
businesssuch,1
lawsyou,1
permit,1
produc,1
motiv,1
clearli,1
hereand,1
coffe,1
frozen,1
snowbal,1
oncethat,1
sledg,1
plucki,1
winterthat,1
met,1
nine,1
iin,1
tosuddenli,1
knowy,1
emmi,1
drawer,1
stitch,1
suit,1
cheap,1
poundtwo,1
shillingsa,1
count,1
withno,1
beak,1
youhelm,1
handkerchief,1
dresslength,1
plain,1
emmythey,1
bedstead,1
sing,1
torvaldi,1
nonsensether,1
insignific,1
curiou,1
rose,1
appl,1
cheek,1
bearabl,1
draught,1
stoop,1
staircas,1
dr,1
space,1
piti,1
fair,1
trumpet,1
hors,1
sword,1
infect,1
atmospher,1
childrenthat,1
presenc,1
mask,1
cun,1
openli,1
retriev,1
condemn,1
rescu,1
temper,1
droop,1
decid,1
rearrang,1
retir,1
acknowledg,1
liter,1
featherhead,1
due,1
quarter,1
bother,1
happenedwhat,1
slate,1
dissimul,1
persist,1
though,1
commonli,1
saymoth,1
deceit,1
evil,1
germ,1
breath,1
deprav,1
terror,1
pale,1
gold,1
physic,1
chatter,1
thinner,1
paler,1
momenty,1
steamer,1
incredul,1
grief,1
knowsh,1
telegraph,1
news,1
bankth,1
orderjust,1
wipe,1
maynt,1
reckless,1
recklessli,1
economis,1
cardboard,1
impossiblei,1
perhapsopen,1
daynor,1
uneasili,1
branch,1
dishevel,1
candleend,1
burntdown,1
strip,1
wick,1
abouthow,1
heavensw,1
weather,1
youthi,1
damn,1
saywel,1
unsavouri,1
uncertain,1
profess,1
barrist,1
darent,1
oneor,1
bahonc,1
teeth,1
patienc,1
twitter,1
lark,1
cautious,1
fishergirl,1
neapolitan,1
irresolut,1
movement,1
scream,1
four,1
glove,1
muff,1
brush,1
stuff,1
push,1
unpack,1
wouldwhat,1
excess,1
basket,1
eat,1
sixpenc,1
consumpt,1
depress,1
dainti,1
earlier,1
usual,1
feather,1
whati,1
thread,1
unsewn,1
trim,1
torn,1
bustl,1
thisi,1
medic,1
fromfrom,1
childhood,1
havethat,1
gloriou,1
employ,1
notion,1
schoolday,1
reliev,1
differentlyw,1
commiss,1
agre,1
absorb,1
sickhous,1
sickli,1
rogu,1
nicebecaus,1
smart,1
certainlybut,1
gather,1
dirti,1
upth,1
lend,1
guess,1
prevar,1
wellbr,1
folk,1
absurdli,1
declar,1
agreeabl,1
sincer,1
noray,1
moonlight,1
sentiment,1
shrug,1
corrupt,1
smell,1
snuf,1
zealous,1
namekrogstad,1
thiswhat,1
highli,1
began,1
prolong,1
rankyou,1
song,1
bundl,1
dispos,1
kindli,1
inquir,1
depart,1
slander,1
malici,1
recollect,1
scurril,1
chose,1
obstinaci,1
outdoor,1
tune,1
shortli,1
instead,1
aw,1
request,1
couldcouldnt,1
overlook,1
fail,1
consequ,1
sway,1
ridicul,1
courseif,1
bid,1
interced,1
caresy,1
contriv,1
men,1
mischief,1
suspicion,1
offici,1
public,1
welli,1
dearand,1
intoler,1
adopt,1
restraint,1
cure,1
promot,1
crotchetwork,1
weak,1
pardon,1
sever,1
afterlif,1
incubu,1
prove,1
rash,1
worker,1
wellbound,1
bookcas,1
object,1
china,1
cabinet,1
engrav,1
strength,1
eloqu,1
nevertheless,1
vengeanc,1
starv,1
torvaldwhat,1
breathlessli,1
address,1
deliv,1
messeng,1
footlight,1
farther,1
beyond,1
lefthand,1
capabl,1
spot,1
root,1
bewild,1
nois,1
fancynow,1
wildest,1
therenot,1
caress,1
share,1
horrorstricken,1
carpet,1
unconquer,1
refin,1
dissolut,1
examin,1
cursedli,1
churchyard,1
rot,1
probabl,1
bankrupt,1
economi,1
sigh,1
grip,1
dialogu,1
thatanyth,1
doorbel,1
everythingno,1
stalk,1
humour,1
absurd,1
begun,1
loathsom,1
fatheri,1
birth,1
emerg,1
profession,1
butth,1
insist,1
solicitor,1
tomani,1
indiffer,1
sickroom,1
disgust,1
extravagantli,1
furnish,1
gra,1
foie,1
de,1
pate,1
asparagu,1
partial,1
youth,1
innoc,1
cheer,1
exact,1
retribut,1
inexor,1
justic,1
penalti,1
rascal,1
greater,1
dri,1
businessin,1
trembl,1
justifi,1
younger,1
bedridden,1
stool,1
happybut,1
master,1
maamther,1
satisfact,1
unlucki,1
port,1
entrancehal,1
token,1
naughti,1
fold,1
lightli,1
critic,1
leg,1
fleshcolour,1
silk,1
youand,1
loud,1
successor,1
scenea,1
housemaid,1
ohoy,1
loss,1
mood,1
determin,1
norado,1
deepli,1
inexpress,1
devotedli,1
truest,1
confid,1
conceiv,1
bigger,1
advic,1
nobut,1
proof,1
comer,1
regretnoth,1
fleet,1
gratitud,1
moralis,1
companion,1
yesyou,1
riddl,1
track,1
gofor,1
asham,1
rankdont,1
soof,1
permiss,1
bodi,1
command,1
youto,1
helmertel,1
noramr,1
opportun,1
inbut,1
escap,1
oho,1
somethingit,1
servant,1
sea,1
tripperhap,1
sky,1
blue,1
graciou,1
cash,1
contain,1
quietthat,1
scrape,1
papaent,1
seeit,1
accus,1
meeven,1
awel,1
cashier,1
teach,1
actual,1
clearer,1
deserv,1
certainlyal,1
hast,1
lowmi,1
advanc,1
cap,1
boot,1
bolt,1
happenit,1
circumst,1
amid,1
dishonour,1
rehabilit,1
lenient,1
storm,1
folli,1
haventi,1
ityou,1
faintli,1
toobut,1
resolut,1
itkeep,1
preserv,1
balanc,1
amic,1
speechlessli,1
unrecognis,1
surfac,1
float,1
persona,1
dramati,1
widger,1
david,1
adamson,1
martin,1
water,1
coalblack,1
ice,1
spoilt,1
protest,1
higher,1
thingbut,1
yesbut,1
blame,1
instanc,1
meanyth,1
mindand,1
christiney,1
norait,1
glass,1
lookyou,1
agit,1
liestorvald,1
utter,1
slightli,1
messag,1
warn,1
led,1
halt,1
peep,1
delay,1
unread,1
backwat,1
restlessli,1
shift,1
situat,1
workingday,1
shop,1
findfirst,1
precari,1
christinebecaus,1
cheapest,1
simplest,1
violent,1
drape,1
hastili,1
varieg,1
criticis,1
mortal,1
servic,1
wholli,1
businessy,1
tiniest,1
entir,1
ital,1
worn,1
nobodi,1
mistaken,1
transform,1
compos,1
diningroom,1
nervous,1
childish,1
nothingsh,1
wild,1
helenlot,1
hulloar,1
contradict,1
letternot,1
sheer,1
spellbound,1
frequent,1
wildli,1
swing,1
nothat,1
worlda,1
obviou,1
properli,1
certainlywhi,1
asleep,1
entranc,1
privat,1
yetand,1
collect,1
idli,1
music,1
outstretch,1
where,1
thirtyon,1
fourandtwenti,1
oclock,1
solid,1
thisonli,1
wring,1
jilt,1
whenev,1
shabbili,1
instal,1
payment,1
interest,1
quarterli,1
punctual,1
engag,1
reservebreak,1
pall,1
recit,1
dressingup,1
medo,1
generos,1
overstrain,1
forsaken,1
worldmi,1
join,1
choicethen,1
choic,1
mourn,1
wreckageno,1
deed,1
prudent,1
benef,1
unintent,1
nowi,1
ground,1
amaz,1
falsehood,1
disclos,1
elaps,1
dismissalthat,1
backthat,1
sold,1
frankli,1
meansthat,1
undo,1
despair,1
length,1
grasp,1
characteri,1
faith,1
impli,1
nodont,1
fli,1
italian,1
english,1
languag,1
decemb,1
updat,1
recent,1
march,1
releas,1
sharp,1
farquharson,1
r,1
translat,1
comelisten,1
forum,1
sayon,1
maiden,1
caprici,1
maidenmi,1
successsh,1
art,1
limit,1
compat,1
strictli,1
realistica,1
deservedalthough,1
repent,1
resist,1
agreement,1
pleaseonli,1
dearpleas,1
independ,1
manli,1
sweep,1
thiswith,1
rightlik,1
thu,1
embroid,1
expressionless,1
breathless,1
hurri,1
courseexcus,1
hullo,1
disappear,1
apparit,1
novel,1
curtsey,1
chine,1
downit,1
knittingneedl,1
ungrac,1
knittingthat,1
devot,1
nicelook,1
yessomeday,1
lookout,1
wateringplac,1
workoffic,1
regular,1
medit,1
relat,1
mutual,1
upset,1
thendo,1
stolen,1
quiet,1
norasoon,1
guest,1
listenth,1
captiv,1
treasureat,1
fascin,1
extraordinarili,1
bore,1
ahat,1
distanc,1
tobut,1
accompani,1
wellgoodnight,1
capit,1
rate,1
worldat,1
yesthes,1
swift,1
aloud,1
fret,1
wontyou,1
figur,1
seduct,1
shi,1
timequit,1
hometo,1
wed,1
neckthen,1
shoulderson,1
subdu,1
havana,1
cigaron,1
suppress,1
hathav,1
appropri,1
featherbrainar,1
mewhat,1
rankar,1
entitl,1
searchingli,1
patientcertainti,1
congratul,1
listenlittl,1
wellspent,1
drank,1
wound,1
leavetak,1
announc,1
uncomfort,1
therewhat,1
top,1
cardsof,1
letterno,1
earth,1
thatlook,1
helenhelen,1
hairpin,1
broken,1
bunch,1
absent,1
drunk,1
takeny,1
capricesa,1
whim,1
affect,1
decidedli,1
firmli,1
disengag,1
tight,1
thrown,1
sunlit,1
background,1
cloudi,1
loneli,1
grown,1
worddont,1
anim,1
distractedli,1
grope,1
torvaldgoodnight,1
thenw,1
usth,1
humili,1
thenala,1
devi,1
savedand,1
thingyou,1
household,1
burden,1
cleverlyi,1
broach,1
meanoh,1
iti,1
worsea,1
liarwors,1
pridea,1
yearssh,1
tragic,1
creaturewhat,1
reel,1
nownow,1
depthsif,1
unfathom,1
waterth,1
ici,1
neverah,1
eithernev,1
spasmod,1
seiz,1
coldli,1
cherish,1
allthat,1
everywher,1
plenti,1
depth,1
pleasesi,1
unscrupul,1
repay,1
wink,1
principl,1
silental,1
principleb,1
foreseen,1
allfor,1
unutter,1
enclos,1
mistress,1
halfdress,1
motionless,1
loan,1
entreati,1
wive,1
curio,1
businessa,1
mysteri,1
contemptu,1
christinebut,1
frontdoor,1
fragment,1
beforebut,1
appeas,1
broad,1
calm,1
overwhelm,1
constern,1
doubl,1
womanli,1
less,1
suffici,1
thissuch,1
therenow,1
dream,1
hate,1
lifenev,1
repentsthat,1
regret,1
questioningli,1
interrupt,1
eitherbefor,1
thisthi,1
norawhat,1
forso,1
bed,1
frank,1
freeli,1
wifeforgiven,1
indescrib,1
reproach,1
repudi,1
claw,1
hawk,1
hunt,1
protect,1
ungrat,1
womanjust,1
whichi,1
youor,1
transfer,1
undisturb,1
express,1
twobi,1
torvaldfirst,1
bottom,1
forev,1
exchang,1
acquaint,1
thatfrom,1
yearslong,1
convers,1
myselfy,1
heed,1
anger,1
agothat,1
ihow,1
proper,1
ala,1
lesson,1
whose,1
lessontim,1
playtim,1
sayexagger,1
truth,1
dollwif,1
playroom,1
notnot,1
whatsoev,1
meam,1
oransw,1
aright,1
age,1
unheard,1
thathav,1
guid,1
reliabl,1
areor,1
human,1
neglect,1
blind,1
easiest,1
homei,1
belong,1
treat,1
wedlock,1
noracan,1
receiv,1
nothingnoth,1
nonev,1
composur,1
regain,1
forsak,1
deliri,1
convinc,1
perplex,1
titl,1
countri,1
check,1
wwwgutenbergorg,1
bound,1
freed,1
legal,1
norasom,1
norabear,1
disgrac,1
thenwhen,1
publish,1
misfortun,1
forfeit,1
convict,1
abyss,1
dawn,1
torvaldit,1
fragil,1
brittl,1
